epoch,time,train/box_loss,train/cls_loss,train/dfl_loss,metrics/precision(B),metrics/recall(B),metrics/mAP50(B),metrics/mAP50-95(B),val/box_loss,val/cls_loss,val/dfl_loss,lr/pg0,lr/pg1,lr/pg2
1,12.9325,1.65277,4.05339,1.13462,0.00951,0.39137,0.04217,0.03116,1.08093,3.76546,0.87887,7.5e-05,7.5e-05,7.5e-05
2,26.6376,1.63118,3.34871,1.04606,0.02554,0.58788,0.16822,0.11782,1.23985,3.55131,0.89325,0.000160891,0.000160891,0.000160891
3,39.728,1.61157,2.21097,0.98778,0.0217,0.66315,0.48112,0.28635,1.22517,3.11513,0.88453,0.00024505,0.00024505,0.00024505
4,52.6434,1.571,1.61459,0.96467,0.73684,0.52776,0.5113,0.29054,1.29156,2.8336,0.89028,0.000327476,0.000327476,0.000327476
5,65.8026,1.47639,1.34408,0.96687,0.95995,0.17152,0.55065,0.31204,1.33969,2.64639,0.92281,0.00040817,0.00040817,0.00040817
6,79.1405,1.43017,1.15844,0.94784,0.82726,0.11926,0.41778,0.23825,1.41026,2.50195,0.94402,0.000487131,0.000487131,0.000487131
7,91.9885,1.4194,1.08345,0.96031,0.82029,0.22931,0.39815,0.24117,1.47762,2.11516,0.96794,0.00056436,0.00056436,0.00056436
8,104.909,1.42125,1.03739,0.95341,0.95686,0.28215,0.45941,0.24866,1.40458,2.07426,0.93603,0.000639856,0.000639856,0.000639856
9,117.812,1.35163,0.99045,0.96115,0.83491,0.28536,0.68822,0.31034,1.42314,1.96911,0.95566,0.00071362,0.00071362,0.00071362
10,130.669,1.32794,0.93017,0.94851,0.82949,0.33259,0.70395,0.33375,1.39445,1.74252,0.95474,0.000785651,0.000785651,0.000785651
11,143.789,1.33273,0.90474,0.95777,0.70286,0.52781,0.69214,0.33315,1.36246,1.66291,0.96639,0.00085595,0.00085595,0.00085595
12,156.567,1.2685,0.88606,0.94955,0.84402,0.6795,0.73221,0.33586,1.57931,1.36686,1.0092,0.000924516,0.000924516,0.000924516
13,169.379,1.35829,0.86466,0.93863,0.84221,0.68902,0.73284,0.38138,1.58089,1.2442,1.01718,0.00099135,0.00099135,0.00099135
14,182.84,1.36586,0.89023,0.94192,0.86455,0.70229,0.74666,0.41834,1.27401,1.21935,0.96779,0.00105645,0.00105645,0.00105645
15,195.759,1.29212,0.85536,0.92846,0.80925,0.60553,0.68375,0.29319,1.55624,1.25737,1.00748,0.00107675,0.00107675,0.00107675
16,208.556,1.28507,0.84282,0.92944,0.81687,0.74583,0.77599,0.40953,1.39871,1.06982,1.01396,0.00106437,0.00106437,0.00106437
17,221.768,1.30399,0.82793,0.94236,0.79656,0.86516,0.85266,0.42036,1.44785,1.02861,1.01953,0.001052,0.001052,0.001052
18,235.081,1.24173,0.81717,0.94475,0.94125,0.93243,0.95164,0.51266,1.38017,1.08675,0.99527,0.00103962,0.00103962,0.00103962
19,248.071,1.25114,0.78861,0.93519,0.9067,0.95057,0.94422,0.52926,1.27893,0.97723,0.97164,0.00102725,0.00102725,0.00102725
20,260.679,1.19846,0.75293,0.91117,0.91043,0.89828,0.9119,0.45116,1.34118,0.79954,1.01042,0.00101488,0.00101488,0.00101488
21,273.538,1.20082,0.75246,0.9103,0.87152,0.9006,0.93177,0.45071,1.44437,0.82296,1.05977,0.0010025,0.0010025,0.0010025
22,286.457,1.21778,0.75237,0.91784,0.91434,0.95418,0.94415,0.47437,1.31326,0.80908,1.01219,0.000990125,0.000990125,0.000990125
23,299.371,1.14548,0.7427,0.91564,0.8737,0.90228,0.89445,0.45849,1.36286,0.78209,1.02269,0.00097775,0.00097775,0.00097775
24,312.041,1.15864,0.72309,0.91103,0.90304,0.92531,0.93482,0.4799,1.2802,0.76099,1.00952,0.000965375,0.000965375,0.000965375
25,324.355,1.17268,0.71749,0.90819,0.81835,0.73468,0.91744,0.44485,1.36109,0.80863,1.02386,0.000953,0.000953,0.000953
26,342.409,1.20577,0.73268,0.91974,0.83668,0.88243,0.95866,0.52988,1.21997,0.79579,0.99695,0.000940625,0.000940625,0.000940625
27,361.933,1.15167,0.70997,0.917,0.80887,0.88732,0.95333,0.5059,1.35936,0.81127,1.01385,0.00092825,0.00092825,0.00092825
28,381.272,1.15963,0.70877,0.90461,0.82424,0.90793,0.94521,0.49948,1.4079,0.79835,1.02368,0.000915875,0.000915875,0.000915875
29,399.278,1.19366,0.71198,0.91791,0.83863,0.96585,0.94645,0.50064,1.33249,0.77981,1.01031,0.0009035,0.0009035,0.0009035
30,415.696,1.17269,0.7027,0.92819,0.86119,0.94213,0.92527,0.46205,1.40947,0.75078,1.0132,0.000891125,0.000891125,0.000891125
31,434.808,1.18154,0.71059,0.90896,0.94432,0.92799,0.95525,0.56819,1.3176,0.70405,0.99127,0.00087875,0.00087875,0.00087875
32,452.758,1.1555,0.70501,0.91694,0.92237,0.95016,0.93117,0.50424,1.36323,0.72261,0.98549,0.000866375,0.000866375,0.000866375
33,465.295,1.11242,0.66886,0.8985,0.92041,0.94826,0.93265,0.50099,1.27518,0.70984,0.96544,0.000854,0.000854,0.000854
34,477.185,1.13228,0.65866,0.89598,0.92314,0.94637,0.93788,0.521,1.33041,0.7042,0.97968,0.000841625,0.000841625,0.000841625
35,489.118,1.14195,0.69569,0.91265,0.90761,0.89671,0.92569,0.52873,1.31629,0.73884,0.99018,0.00082925,0.00082925,0.00082925
36,501.011,1.13148,0.67858,0.911,0.87593,0.92552,0.92483,0.50515,1.30494,0.72459,1.00216,0.000816875,0.000816875,0.000816875
37,513.058,1.14477,0.68469,0.91028,0.88173,0.93467,0.92622,0.5163,1.37102,0.72913,1.01077,0.0008045,0.0008045,0.0008045
38,525.242,1.14669,0.67471,0.8976,0.89651,0.93285,0.92091,0.55107,1.3274,0.72086,0.98855,0.000792125,0.000792125,0.000792125
39,537.25,1.12505,0.66035,0.89973,0.90161,0.90087,0.9107,0.55912,1.3063,0.71268,0.98468,0.00077975,0.00077975,0.00077975
40,549.225,1.11653,0.65356,0.89338,0.86698,0.90723,0.90501,0.54923,1.24409,0.69059,0.98436,0.000767375,0.000767375,0.000767375
41,560.88,1.0958,0.65751,0.90599,0.92975,0.89443,0.9264,0.55447,1.24387,0.68414,0.9836,0.000755,0.000755,0.000755
42,575.183,1.06701,0.62899,0.89085,0.93013,0.89806,0.92642,0.56102,1.27276,0.65341,0.97501,0.000742625,0.000742625,0.000742625
43,593.221,1.06629,0.62457,0.88505,0.93235,0.95862,0.9413,0.56986,1.20241,0.64758,0.96099,0.00073025,0.00073025,0.00073025
44,605.418,1.10539,0.63212,0.903,0.94016,0.95625,0.94712,0.57453,1.30115,0.69429,0.98765,0.000717875,0.000717875,0.000717875
45,617.091,1.07965,0.64709,0.8951,0.94032,0.95548,0.96007,0.58132,1.31537,0.69958,0.98555,0.0007055,0.0007055,0.0007055
46,628.878,1.04185,0.62631,0.8929,0.94365,0.9574,0.9631,0.5866,1.25729,0.683,0.97029,0.000693125,0.000693125,0.000693125
47,640.809,1.05504,0.61748,0.88235,0.93746,0.905,0.94001,0.54101,1.28597,0.69123,0.96868,0.00068075,0.00068075,0.00068075
48,653.302,1.07067,0.61982,0.87985,0.93117,0.88457,0.93709,0.55228,1.19407,0.66725,0.95985,0.000668375,0.000668375,0.000668375
49,671.583,1.08654,0.6303,0.89662,0.91509,0.88146,0.93198,0.55504,1.17323,0.67133,0.96671,0.000656,0.000656,0.000656
50,684.752,1.07716,0.62843,0.89232,0.83356,0.90119,0.92571,0.53393,1.29669,0.69306,0.99,0.000643625,0.000643625,0.000643625
51,696.588,1.10952,0.63864,0.89801,0.87093,0.91185,0.94552,0.56757,1.19667,0.66318,0.96687,0.00063125,0.00063125,0.00063125
52,708.551,1.05647,0.64139,0.89551,0.81178,0.90312,0.92591,0.51585,1.28979,0.69042,0.97616,0.000618875,0.000618875,0.000618875
53,720.115,1.06254,0.61665,0.8894,0.84203,0.94032,0.93081,0.50798,1.28301,0.68211,0.97686,0.0006065,0.0006065,0.0006065
54,732.12,1.03284,0.60026,0.87112,0.86087,0.91163,0.90794,0.48032,1.33091,0.68137,0.98356,0.000594125,0.000594125,0.000594125
55,744.016,1.04611,0.60654,0.88455,0.93601,0.94161,0.93999,0.49319,1.38228,0.6789,0.99608,0.00058175,0.00058175,0.00058175
56,756.188,1.05601,0.59612,0.87702,0.94049,0.94901,0.94962,0.55089,1.28851,0.6749,0.99511,0.000569375,0.000569375,0.000569375
57,768.221,1.06031,0.60924,0.88589,0.90518,0.96271,0.94394,0.55204,1.22484,0.65155,0.98228,0.000557,0.000557,0.000557
58,780.107,1.01946,0.58918,0.87977,0.87324,0.88648,0.90741,0.50025,1.3064,0.67236,0.98888,0.000544625,0.000544625,0.000544625
59,791.895,1.05538,0.6071,0.88881,0.87624,0.89245,0.92086,0.51042,1.27452,0.66444,0.9777,0.00053225,0.00053225,0.00053225
60,807.477,1.04338,0.59741,0.88023,0.88731,0.952,0.93765,0.55161,1.19343,0.62129,0.96116,0.000519875,0.000519875,0.000519875
61,825.995,1.05338,0.59981,0.88562,0.88916,0.95539,0.93815,0.57329,1.15681,0.61819,0.95676,0.0005075,0.0005075,0.0005075
62,844.561,1.03585,0.59263,0.87461,0.94013,0.90025,0.94236,0.55816,1.22134,0.65934,0.9673,0.000495125,0.000495125,0.000495125
63,863.278,1.061,0.60644,0.87608,0.90572,0.85171,0.92773,0.54992,1.19484,0.64209,0.95669,0.00048275,0.00048275,0.00048275
64,881.417,1.05444,0.60079,0.89979,0.93241,0.90414,0.94842,0.57744,1.12772,0.62526,0.94523,0.000470375,0.000470375,0.000470375
65,897.404,1.03774,0.58785,0.87964,0.92806,0.93847,0.96147,0.57749,1.17721,0.62848,0.95314,0.000458,0.000458,0.000458
66,913.872,1.0177,0.5841,0.8782,0.92403,0.9613,0.95535,0.54751,1.27473,0.63442,0.96788,0.000445625,0.000445625,0.000445625
67,926.342,1.0317,0.58911,0.87356,0.92124,0.95723,0.94431,0.56458,1.18044,0.61906,0.95471,0.00043325,0.00043325,0.00043325
68,938.409,1.0165,0.58117,0.89188,0.9395,0.9625,0.94984,0.56858,1.12997,0.58536,0.94761,0.000420875,0.000420875,0.000420875
69,950.66,0.98887,0.56564,0.87303,0.92838,0.94316,0.93746,0.55045,1.213,0.59717,0.96101,0.0004085,0.0004085,0.0004085
70,962.892,1.00511,0.57837,0.86995,0.92941,0.9434,0.93805,0.5396,1.27628,0.60539,0.97372,0.000396125,0.000396125,0.000396125
71,975.353,1.02204,0.57159,0.88169,0.94278,0.96712,0.95266,0.57322,1.1931,0.59202,0.96483,0.00038375,0.00038375,0.00038375
72,987.493,1.02078,0.57913,0.87696,0.93989,0.97004,0.96555,0.56026,1.25397,0.59925,0.97537,0.000371375,0.000371375,0.000371375
73,999.58,1.00617,0.56502,0.87161,0.94399,0.97004,0.96498,0.5532,1.30503,0.60441,0.98517,0.000359,0.000359,0.000359
74,1013.11,1.01616,0.56913,0.88211,0.94352,0.9662,0.96415,0.56487,1.25015,0.59777,0.97731,0.000346625,0.000346625,0.000346625
75,1031.56,0.99096,0.56026,0.86931,0.94338,0.96653,0.96427,0.57605,1.21047,0.59816,0.97609,0.00033425,0.00033425,0.00033425
76,1047.24,0.99395,0.55006,0.88069,0.94091,0.96418,0.95748,0.56969,1.2885,0.61256,0.98682,0.000321875,0.000321875,0.000321875
77,1059.39,0.982,0.5544,0.8637,0.93947,0.96347,0.95486,0.57326,1.30013,0.60919,0.98347,0.0003095,0.0003095,0.0003095
78,1071.7,0.97741,0.5503,0.87096,0.93556,0.95981,0.96111,0.57292,1.22762,0.59324,0.96628,0.000297125,0.000297125,0.000297125
79,1084,0.99889,0.55823,0.88061,0.94059,0.96074,0.95492,0.54767,1.21699,0.59928,0.9668,0.00028475,0.00028475,0.00028475
80,1096.12,1.02253,0.56925,0.86619,0.94464,0.9542,0.94878,0.54206,1.29782,0.60741,0.98664,0.000272375,0.000272375,0.000272375
81,1108.08,0.98964,0.55877,0.88449,0.94502,0.95866,0.94884,0.53932,1.30227,0.61058,0.98872,0.00026,0.00026,0.00026
82,1120.2,0.95389,0.57117,0.87446,0.94895,0.9585,0.95122,0.55935,1.28035,0.61339,0.98679,0.000247625,0.000247625,0.000247625
83,1132.24,0.99956,0.55773,0.87353,0.94545,0.95908,0.95747,0.56257,1.27899,0.614,0.98581,0.00023525,0.00023525,0.00023525
84,1144.47,1.02189,0.56486,0.87708,0.9416,0.95548,0.95618,0.57266,1.24589,0.59945,0.97776,0.000222875,0.000222875,0.000222875
85,1156.55,0.96993,0.55378,0.86681,0.93986,0.96012,0.95705,0.57268,1.23531,0.59647,0.9751,0.0002105,0.0002105,0.0002105
86,1168.83,0.94562,0.54246,0.87087,0.93021,0.95404,0.94735,0.5632,1.24368,0.60019,0.97065,0.000198125,0.000198125,0.000198125
87,1181.25,0.98547,0.54903,0.86591,0.93379,0.95317,0.94822,0.55246,1.24794,0.59386,0.97013,0.00018575,0.00018575,0.00018575
88,1194.81,0.94203,0.54181,0.85484,0.93779,0.94531,0.94857,0.55881,1.20933,0.58574,0.9654,0.000173375,0.000173375,0.000173375
89,1208.26,0.97116,0.54572,0.85335,0.93705,0.94561,0.94847,0.56798,1.20336,0.58407,0.96611,0.000161,0.000161,0.000161
90,1221.64,0.96347,0.54374,0.86093,0.94102,0.96051,0.95805,0.56834,1.22337,0.58452,0.97028,0.000148625,0.000148625,0.000148625
91,1233.95,0.97016,0.62288,0.88316,0.9456,0.96129,0.95807,0.56322,1.25295,0.58582,0.97468,0.00013625,0.00013625,0.00013625
92,1246.22,0.96479,0.60169,0.8606,0.93624,0.9613,0.96321,0.56012,1.25655,0.59604,0.9755,0.000123875,0.000123875,0.000123875
93,1260.27,0.93999,0.59323,0.86683,0.92977,0.96274,0.96257,0.56706,1.24047,0.59857,0.97378,0.0001115,0.0001115,0.0001115
94,1274.8,0.95801,0.59964,0.86195,0.93083,0.96712,0.96345,0.56328,1.22536,0.59428,0.97309,9.9125e-05,9.9125e-05,9.9125e-05
95,1287.02,0.94428,0.56774,0.86116,0.92665,0.96841,0.96422,0.56037,1.2232,0.59031,0.9729,8.675e-05,8.675e-05,8.675e-05
96,1298.93,0.95773,0.55141,0.87522,0.91645,0.96683,0.96164,0.5479,1.24305,0.60388,0.97712,7.4375e-05,7.4375e-05,7.4375e-05
97,1310.5,0.92538,0.542,0.86773,0.90964,0.96567,0.96137,0.54526,1.25701,0.61093,0.98009,6.2e-05,6.2e-05,6.2e-05
98,1322.02,0.93589,0.55387,0.86263,0.8975,0.96679,0.96136,0.53962,1.28271,0.61795,0.98529,4.9625e-05,4.9625e-05,4.9625e-05
99,1333.73,0.91403,0.54171,0.85753,0.89804,0.96677,0.96137,0.54004,1.28084,0.61357,0.98519,3.725e-05,3.725e-05,3.725e-05
100,1345.07,0.94455,0.54837,0.86685,0.90647,0.96712,0.96144,0.54054,1.2678,0.60576,0.98182,2.4875e-05,2.4875e-05,2.4875e-05
